V1,V2
DEFA5,3.97972374
DEFA6,3.682267473
AMBN,3.032040037
MAGEA4,2.997938257
PNMA5,2.923807633
DEFB125,2.918894182
SPZ1,2.916238362
WFDC9,2.893944477
TMEM114,2.79084506
PAEP,2.738459091
EDDM3B,2.733732011
SPINT3,2.650166437
CRISP1,2.623194404
DRGX,2.612620534
EDDM3A,2.576025009
DEFB129,2.472209544
DEFB127,2.449762714
LIPF,2.408075154
APOA2,2.36991479
AQP2,2.281864243
PATE4,2.280781945
DEFB131A,2.276009619
SCGB1D4,2.201534886
SEMG2,2.164994619
FEZF2,2.1248972
SEMG1,2.119935016
CYP19A1,2.104073693
ETV4,2.102850218
ANKRD30A,2.087854916
CD5L,2.087581808
GUCA2A,2.084783865
MC4R,2.071387443
GBX2,2.064665893
MFSD2A,2.057602304
CT45A10,2.027941179
ELSPBP1,2.015477245
SCRT2,2.011247772
GC,1.99782114
WFDC8,1.987952964
CLDN2,1.982622759
CLCA1,1.95436717
CDC20B,1.947355522
PIP,1.945814953
SERPINA5,1.915974662
GLRA3,1.911882323
SPINK13,1.901483319
ALB,1.901395966
SLCO6A1,1.899145395
IRS4,1.890991329
PRDM9,1.884358946
PATE2,1.879975802
KLB,1.87392511
FGF3,1.853741162
SCGB2A2,1.850839943
SPINK2,1.845397089
EMX2,1.838419413
FOXG1,1.810096779
PATE3,1.809369062
PATE1,1.793773246
VPREB1,1.790956953
CALML5,1.786609355
SUCNR1,1.778739506
BARHL1,1.777140856
LCN9,1.774688897
POU3F3,1.733014885
CTAG2,1.729578356
C6orf15,1.729336815
MAGEA12,1.729002264
SLC6A18,1.728372356
UGT2B7,1.724833125
ACSL6,1.72282724
MCF2,1.719343761
SCN1A,1.700917609
HTN3,1.694010268
OTOP1,1.676758741
NR2E1,1.673251813
FLG2,1.668376469
SULT2A1,1.658876518
SLC45A2,1.647731367
MAGEA1,1.646593587
KRT20,1.640408386
CHAT,1.638949497
PDIA2,1.634941176
PRSS56,1.632911876
AKR1B1,1.605874088
BBOX1,1.60248729
MS4A15,1.600819964
HOXB8,1.59956768
TMPRSS11B,1.594923797
TM4SF20,1.587047529
APOC3,1.585453826
AL163195.3,1.583195185
GABRG1,1.576582253
CAMP,1.565814328
IQCM,1.560851086
TEDDM1,1.558339823
AL035425.2,1.557948985
OOSP2,1.5551439
AZU1,1.553154669
HOXC12,1.549417526
LCN1,1.535916904
SPINK1,1.519164805
MGAM,1.516055689
DCAF4L2,1.512206201
FGB,1.511944278
REG3A,1.508760207
PDE6H,1.507173303
DDX4,1.489025071
REG3G,1.469130143
WNT9B,1.461850486
SLC6A19,1.460702284
KLHL14,1.456088667
HMX1,1.454644982
STAC2,1.451356869
SLC13A2,1.451248756
NOTUM,1.44623537
KISS1R,1.444332711
VIL1,1.442476363
ADCY8,1.441899935
NETO1,1.43732463
POU4F1,1.43705493
CACNA1I,1.435248474
GRXCR1,1.433877994
ANXA13,1.428955995
CGA,1.426831214
COX7B2,1.423443111
KRT24,1.423030765
FBP2,1.418426765
ANKRD30B,1.417313019
SMIM21,1.411845594
KRT72,1.404754629
CPN1,1.401225456
ZNF716,1.401216599
CRTAC1,1.400513906
NNAT,1.397392369
LHX1,1.397165089
IDO2,1.396597693
PNMT,1.392333505
GLP1R,1.391650717
TBX10,1.38641944
CARD18,1.383725947
RS1,1.378511176
TAC3,1.37676048
PTPRR,1.362118011
TSBP1,1.361160267
ACE2,1.358979821
PRB1,1.355517655
UTS2B,1.355220106
ANGPTL3,1.348608323
POTEC,1.3479541
ETV1,1.343551027
RASL10B,1.342594613
PAX2,1.341660885
CES5A,1.338179992
KCP,1.329741118
CA6,1.323405738
GSTA3,1.319765938
CRNN,1.313915422
GDPD2,1.313328647
UCN3,1.31144291
FAM83A,1.308825611
H2AC18,1.308025499
CELA3B,1.307616861
FGF4,1.304708761
SCRT1,1.298668832
HOXB6,1.29445997
OR1N2,1.290218787
TFAP2B,1.28977332
CA2,1.288172259
CCL25,1.28571152
FMR1NB,1.28147502
MAGEA8,1.280877941
MUC6,1.2761199
PRR27,1.259198105
CYSLTR2,1.255325262
KIRREL3,1.254724317
HRG,1.252369541
PTGES,1.250620441
CPS1,1.250229335
KIR2DL1,1.24735901
MAGEA6,1.244162004
CCDC83,1.242913267
HS3ST5,1.235454723
ACY3,1.23489872
TRIM49,1.229686403
UGT1A10,1.226146103
MUCL1,1.222110853
NKX3-2,1.214110097
DGKK,1.210876903
KCNJ5,1.208373316
SPAG17,1.207823256
CYP3A4,1.206355342
MAGEA3,1.201408047
MAGEC1,1.200859619
ECT2L,1.200122287
FNDC7,1.200022012
IRGM,1.194302026
CRX,1.189686967
PIK3C2G,1.189622972
VAX1,1.186583811
B3GNT6,1.185771654
POTEB3,1.18493618
DKK4,1.184735465
CLPSL1,1.174965682
HOXB9,1.170075203
TMEM212,1.168548292
C8B,1.168535028
SIM1,1.16179783
DEFB134,1.158461399
TSPAN19,1.157754017
FGA,1.150799464
CPNE9,1.148567732
FUT3,1.145897833
SRARP,1.14579859
NDRG4,1.141757421
CAMKV,1.140816887
NPFFR2,1.139185703
PROC,1.138544739
AKAP14,1.135318875
OBP2B,1.13076527
KHDC1L,1.130567501
C1orf61,1.129602215
RHEX,1.129392203
SERPINA6,1.128866321
SAGE1,1.128017299
TMEM171,1.127833461
AMER3,1.122760168
GRIN2C,1.120738239
AMH,1.119572095
FAM216B,1.119215604
TLCD3B,1.113629445
AHSG,1.111176151
GPR52,1.10960153
ROPN1L,1.105039583
FGL1,1.102332921
VWA5B1,1.101667676
UGT1A1,1.100398308
INSM2,1.096635224
SOX1,1.09130676
LCN15,1.084650935
EMX1,1.080571261
ABCG2,1.077089289
CIBAR2,1.073566944
WDR38,1.06891171
SLC16A12,1.066715338
SLC26A3,1.061170353
LY6G6C,1.060089183
IAPP,1.057853514
SLC2A9,1.056330312
KRT75,1.051867158
DPEP1,1.05160454
ABCC12,1.047729878
PAQR8,1.047468976
CSAG1,1.04618941
HNF1A,1.045140726
ISG15,1.044607725
DEFB126,1.043589183
CCDC194,1.042113019
NUTM2F,1.041306189
SLC17A4,1.041189788
IL36RN,1.039056442
ANO1,1.032806558
SLC25A47,1.031418009
ATP10B,1.030879978
SNTN,1.030163214
APOH,1.028546069
NWD2,1.028075716
OR52E8,1.026319541
LCT,1.023213352
CYP4F8,1.02200755
DSCAM,1.020006676
SLC38A8,1.016889529
FAM71F1,1.01551574
APOBEC4,1.005023882
GRIA4,1.004930281
RAX,1.004888569
GSTM1,1.000877208
PRDM16,0.999018356
C19orf81,0.99893498
AFP,0.996835466
CA10,0.995711223
PCDHA1,0.994595298
ADTRP,0.993159981
IVL,0.992524461
A1CF,0.992322793
SLC22A10,0.990701715
CHIA,0.99044908
EFNA2,0.990206232
HP,0.988732308
LINC02203,0.987022756
KIR2DL3,0.983515149
C21orf62,0.983131021
HBQ1,0.982364234
SLC46A2,0.981397582
G6PC,0.980236443
MYBPC3,0.979856658
RAD21L1,0.978327263
DCAF12L1,0.978102619
C1orf158,0.977223587
CHEK1,0.973099896
TNMD,0.972131049
CYP26A1,0.971669409
MARCHF4,0.971362884
IGFBP1,0.970453933
GABRA1,0.969092588
MAT1A,0.968148041
ZPLD1,0.967982948
HOXC13,0.964401944
ERAS,0.963794531
CAPSL,0.962616691
TUBA4B,0.961816869
PRSS55,0.961469087
SLC28A3,0.960765306
PON3,0.959669643
SLCO4C1,0.957969826
OR5B12,0.956849299
SOX3,0.956595385
FOXB2,0.955885676
DNAH8,0.954555648
MT4,0.952910265
INSL6,0.952747177
C10orf99,0.950872932
TTR,0.949185671
TMEM207,0.947194715
CST1,0.945770151
SLC31A2,0.945617798
IGF2,0.945581958
NKX2-3,0.945424095
GRIN3A,0.94215872
MRO,0.941618667
GJB7,0.940815962
DAPL1,0.938900543
C13orf42,0.934888936
CLPSL2,0.934401472
ZMYND10,0.934049605
XKR7,0.933040499
SLIT1,0.93125782
CCDC198,0.931245463
SHD,0.928595904
PTX4,0.927707219
FEZF1,0.921447666
LMX1B,0.920599676
LY6L,0.920502955
FADS6,0.92020815
C17orf78,0.918825937
COL2A1,0.917869563
NXPH1,0.91718081
RASAL1,0.915114523
ENKUR,0.914792069
CYP2C9,0.914104814
TH,0.913821102
KCNH5,0.912042312
LIPN,0.910844886
PCDH11Y,0.908145991
LRRC4B,0.906927963
C20orf85,0.906011671
COL11A1,0.905653484
PAGE5,0.905128194
PDK4,0.904044676
TTC29,0.901023011
TEKT1,0.899079886
HSPA6,0.897604238
TPTE,0.896711446
INS,0.893946944
CCDC78,0.890874929
CDHR4,0.889528544
FRMD3,0.889414813
ARC,0.889289496
KCNJ15,0.889138194
PLA2G4A,0.888244282
FABP1,0.887769402
CROCC2,0.883472123
LY6D,0.880082745
CFHR5,0.87982615
OVCH2,0.879001322
TGM6,0.878670792
HOXB7,0.874692191
AXDND1,0.873795681
TAS2R38,0.873356055
CNGB3,0.871001468
PRB2,0.868819194
ECEL1,0.868786178
CLU,0.868318
SH2D1A,0.866786555
PADI3,0.866345366
SLITRK3,0.866085068
UNC13A,0.865077889
RPRML,0.861482206
PCDH17,0.859233017
FOXB1,0.858614048
TMEM238L,0.858233715
GSTM3,0.855971573
LVRN,0.852046775
TWIST1,0.851327962
CST2,0.849950038
PALM3,0.84917136
KCNQ1,0.848285271
SLC24A2,0.847888351
REG4,0.847096105
CRYBA4,0.845211195
FGG,0.84441271
CELA3A,0.844377381
SLC6A2,0.843762742
PNMA6A,0.842743995
KRT73,0.836886852
GPR83,0.836350776
OR5B2,0.836139599
DEFB132,0.834342917
AIF1L,0.834155552
EPYC,0.832661344
GAS2,0.826603157
SHISAL2B,0.826602065
MPPED1,0.824533999
MUC15,0.823453837
PPP3R2,0.823421147
NKX6-1,0.823149553
IL19,0.821583332
CTRB2,0.818900102
RLN2,0.817216867
SHISA8,0.816700861
C20orf202,0.814767404
CLRN3,0.812758014
ATP13A4,0.812370687
CFC1B,0.809382728
LRRC15,0.809129544
MON1B,0.808930986
ACKR2,0.808714034
IL1RL1,0.806723265
KNG1,0.806658297
GNAO1,0.806114796
SFTPC,0.804862915
CYP1A1,0.804603154
TM4SF5,0.804329426
ACTL6B,0.803135336
AKR1C4,0.800811383
G0S2,0.800272978
HELT,0.79867675
ATP6V1G3,0.798034172
GCNT4,0.797516794
CFAP77,0.797005894
FAM167A,0.796066295
DNAI2,0.795982494
VWA3B,0.793464308
PAX8,0.79320604
ST18,0.792700431
VWA5B2,0.79167066
FOXN4,0.789273042
PTGS2,0.788833912
PRSS1,0.788210976
SULT1C3,0.786854906
SSTR1,0.786852847
ANKRD34C,0.786102142
CES3,0.786070483
NLRP13,0.786012391
SERHL2,0.785910558
ADGB,0.784717974
DUSP2,0.784626877
DNAAF6,0.784371979
OTOR,0.783344991
CLNK,0.783166416
GGTLC2,0.783070389
MDH1B,0.782577866
PLCZ1,0.781868385
HAVCR1,0.781726357
ARG1,0.779898752
GRAMD1B,0.778249289
EVA1A,0.777976766
ZBBX,0.777201762
RIPPLY1,0.776723135
NTSR2,0.776097825
ZIC3,0.774221779
SNAP25,0.772598826
WFDC2,0.769425363
LRRIQ1,0.767674335
CYP2E1,0.76761952
SGCZ,0.76746092
HAO1,0.766752179
HAO2,0.766404543
KCNJ13,0.764983385
DPRX,0.763036651
PTGS1,0.761375637
KCNJ1,0.760633254
SYT3,0.760576341
REG1B,0.75969508
LURAP1,0.759605784
LYVE1,0.758663534
SLPI,0.757664106
ZFR2,0.757339601
VSX2,0.755950792
TNN,0.755469204
LIPJ,0.755278545
EGFL6,0.754980102
IGFL2,0.750565389
NRIP3,0.749803714
EPHA10,0.7481491
CDK18,0.74680061
MATK,0.746787607
PCSK1,0.743818217
APOBEC3C,0.74309834
ACKR4,0.742392551
C1orf189,0.742139946
TRIM63,0.736731609
QPRT,0.736164087
GLIS3,0.736137172
DNAI1,0.735532204
OBP2A,0.734405793
SLC12A5,0.73385465
HRK,0.733814094
SEZ6,0.733628498
IL20,0.73303189
FABP6,0.732185544
ETV5,0.731376162
IGF2BP1,0.731148198
ANXA9,0.73057214
DUOXA2,0.730263223
SLC9A4,0.729011901
SLC30A8,0.728761815
CCDC177,0.728528163
SP6,0.728334157
NTM,0.725217418
LPL,0.724743703
TEX101,0.72289053
UCN,0.722698254
ATP1A4,0.722692072
ARHGAP19-SLIT1,0.722655948
SMR3B,0.722218964
FDX1,0.720794465
PRPS2,0.719738981
ODAM,0.71900766
SFTPA2,0.718334944
SNPH,0.718039685
GMNC,0.717868667
SLCO2A1,0.716137159
CFAP65,0.711323167
LRTM2,0.710920848
GDF3,0.710857421
TRIM9,0.707463938
C2orf88,0.707361263
WFDC6,0.70384071
CDH16,0.703473207
TMEM196,0.701905653
C2CD4C,0.700683802
TMPRSS11A,0.699255662
OR2T10,0.698634705
ROS1,0.698530543
IRF5,0.697901744
SMC1B,0.697846385
SPOCK2,0.696691106
TMLHE,0.696565439
KRTAP13-2,0.69605762
CA14,0.693926595
IL1F10,0.693621641
LIN28B,0.693182561
RBM44,0.692655408
ZNF560,0.691985951
UNC5B,0.691973746
KY,0.691432368
CCDC27,0.68724422
KRT13,0.686862887
NPY4R2,0.686181942
USH2A,0.686082569
MAP3K19,0.685510172
SH2D1B,0.684980807
AGMO,0.684725666
GRPR,0.683926256
NKX2-5,0.682733351
AKR7A3,0.682498411
MUC21,0.681850462
FOXI3,0.681563663
CLDN19,0.681543319
VGF,0.6815069
C15orf48,0.681337431
CNTLN,0.680876406
ARL14,0.680103617
C11orf97,0.679494521
ADAMTS20,0.67924785
NHSL1,0.678658339
IL5RA,0.678257855
CYP17A1,0.678228911
STAC,0.678093773
FCRLB,0.677545749
PPY,0.677008949
FAM83C,0.676851233
KCNJ16,0.674986017
RCVRN,0.673434576
AMACR,0.672824899
C1orf167,0.672742458
ITLN1,0.671907041
GPR78,0.671302036
KCNF1,0.671149865
CAMK2N2,0.670518222
CPZ,0.669823415
SCN11A,0.669779713
CST4,0.669645936
C1QTNF9B,0.668948961
CEACAM5,0.668346444
C8orf88,0.667817838
DNAH12,0.667721717
LGI1,0.665377416
AMELX,0.664160361
DMRT2,0.664045685
SIAH3,0.662762408
PANX3,0.660839193
GNG13,0.660689186
CDO1,0.660647381
AVPR1B,0.660243715
PCDHGA8,0.659911612
SPDYE4,0.659551051
SYT10,0.659185465
SLC34A2,0.657738886
FAM110C,0.657078932
TPTE2,0.653668898
SYCE1L,0.653453294
ZP1,0.653431499
OTOP3,0.651788292
HCAR2,0.650643671
SYNPO2,0.649903691
GABRD,0.649615819
TRH,0.64881498
CBLIF,0.648497604
SERPINA9,0.647806587
KBTBD13,0.647468993
ST6GALNAC4,0.646495173
GPD1,0.645962893
RAB9B,0.645816444
DCHS2,0.644945866
CCKAR,0.644315587
BCAT1,0.643040927
HOXB5,0.642924991
MOV10L1,0.641500589
CACNA1F,0.640731735
ABHD6,0.640023714
OR51C1P,0.639655367
CERS1,0.639446528
ADGRD2,0.639156322
TMEM101,0.637597211
AMBP,0.637401901
SLC10A5,0.637079966
S100A7A,0.63674749
HPN,0.63661359
ART4,0.636391303
MAJIN,0.635710109
WWC3,0.635672566
PLLP,0.634882649
HCN2,0.633971208
IFI6,0.633645329
PLAAT5,0.633609678
SPSB4,0.632699009
ELF5,0.632222458
ACSM1,0.631426985
SLC39A2,0.630619105
DYTN,0.630557504
ANGPT1,0.63042541
OR51S1,0.629991584
CYP26B1,0.629793647
GPC5,0.629623241
EFNB1,0.628770612
MARCHF10,0.62863782
NT5C1A,0.627461729
TMEM132C,0.627275797
CDHR2,0.627139987
KLRC2,0.626863152
AOX1,0.626844756
DNAH5,0.625798529
LPCAT2,0.62561746
MYLK,0.625278919
FAT3,0.625255211
PHGR1,0.625119566
L3MBTL4,0.624384569
BMX,0.624284205
EPPIN,0.623440328
SBSPON,0.621861797
PCDHA10,0.621487491
ANKRD66,0.620684644
NCAM2,0.620180693
PDZK1,0.619937264
SEPTIN12,0.619839534
ZNF185,0.619822505
BCAN,0.61962441
ASCL5,0.61948765
TCP11,0.618375465
ZDHHC22,0.617272144
IBSP,0.617223192
LIPG,0.616815772
SLC18A2,0.616374951
CASKIN1,0.615317952
ASPHD1,0.615183587
APLN,0.614721953
ZNF30,0.613350747
NECAB1,0.612851289
CLCA2,0.612441317
WFDC13,0.612031936
LAPTM4A,0.611172867
TEX19,0.61100458
SERPINC1,0.610445764
APCS,0.610129787
C1QTNF3,0.609765921
FGFRL1,0.609377074
BRSK2,0.608199696
SMIM28,0.608076286
IL18R1,0.607865199
CRYBB1,0.607802416
HOXA1,0.605554966
TRPM3,0.605494432
NEFM,0.605177482
KCTD19,0.604827273
HYAL4,0.60442963
HLA-DMB,0.603737444
LMO3,0.603687495
MMP26,0.601902545
FCAMR,0.60104049
WNT11,0.600012126
VWA3A,0.599081042
ASPA,0.598815175
ETNK2,0.598705455
GPR88,0.598563489
GSTP1,0.597890564
OLIG1,0.597743482
NKX6-3,0.596837544
FOXL2,0.596654798
SLC6A3,0.595767064
HES6,0.595462423
ADRA1A,0.595318784
PPP1R3C,0.595237123
PAQR6,0.594153548
GJA3,0.593445894
LCN8,0.59343998
EN1,0.593392705
GPR85,0.593084922
CFAP47,0.593056795
RD3,0.592753173
SLC51A,0.591001771
ALDH1L2,0.590491409
ACOX2,0.589900718
GPRC5B,0.589693955
FSIP1,0.588738838
C2orf72,0.587524384
SNCB,0.587059891
IL20RB,0.586337402
TRIM61,0.585788491
RAG2,0.585778284
PRH2,0.585208562
HRH3,0.584783391
CAV1,0.584666623
LRCOL1,0.58388596
CTRB1,0.583674869
OGDHL,0.583288873
C11orf45,0.582900811
OMP,0.582466354
ERBB4,0.58193716
ASTL,0.580242422
REN,0.580061635
ATP4B,0.579960026
HOXB4,0.579782204
SLC30A3,0.579496346
MIPEP,0.579041838
APOC1,0.578792978
CPB2,0.578537726
TMEM190,0.578106666
B4GALNT4,0.578051508
GNAZ,0.577262486
PAK3,0.576265301
CHRDL1,0.575981461
NIPAL4,0.575385392
KCNG4,0.574288644
RHOBTB2,0.573841549
HOXD4,0.573814889
CRYBG2,0.573068807
PRR4,0.572641766
IGF2BP3,0.571901407
FOXQ1,0.571574169
GRIN3B,0.57153406
KRT6B,0.571519226
C11orf16,0.570812208
KCNK12,0.570466241
C1orf194,0.570074622
ATP2B3,0.570037884
PYY,0.569754909
CFAP52,0.569207708
ZNF90,0.569106027
FGF10,0.568502259
TMEM252,0.567916012
IFI27,0.567884385
KLK14,0.567862346
CATSPERD,0.567700378
FOXP2,0.567314469
FILIP1,0.567190558
SYT8,0.566237925
ABCA4,0.565887242
POU2F3,0.565742321
CLEC18B,0.565112713
AREG,0.564445628
SCARA3,0.564056977
HOXC11,0.563742229
ANGPTL1,0.563212253
PRR7,0.562876137
ARHGEF40,0.562436594
C2CD4A,0.562337106
GDPD1,0.562324073
KLHL35,0.562203828
HTR2C,0.562026128
PLP2,0.561820297
NEUROD1,0.561522065
SERPINF2,0.561377311
F12,0.561366311
PSD,0.561250231
C12orf75,0.561038447
CERS3,0.559613312
APOBEC3G,0.55956059
ABCB5,0.559186919
SLC6A17,0.55877499
LRRC3B,0.558569378
PSMA8,0.558138353
NLRP12,0.558041262
OR52I1,0.55781676
PALLD,0.557624344
ERICH5,0.557612687
TMEM238,0.55735524
ASIC2,0.556705125
PAK5,0.556434463
KLHL4,0.555705013
CER1,0.555589567
HSPB8,0.554793912
CCBE1,0.554684721
GPX2,0.554383026
WFDC5,0.554122354
CFL2,0.553458685
PCDHGA5,0.553074751
FOLR1,0.552824561
CDHR3,0.552641874
SYNM,0.55261902
ALDOB,0.551660211
TEKT4,0.550842457
AMZ1,0.550713598
GDF10,0.54996224
RASL11B,0.549572126
ZNF157,0.549384832
DNAJB1,0.549334579
KCNK10,0.548837467
FFAR4,0.548375413
DDX53,0.546935229
ATP8A2,0.546226273
OR2G6,0.545830728
ATG9B,0.545448456
LRRC46,0.545105957
TPM1,0.544638477
BCHE,0.544376488
TMEM35A,0.54436703
TSPAN18,0.544353616
KCNC2,0.544280311
TMEM74B,0.543342058
CXCR2,0.543180395
HFE,0.542836483
APOF,0.542702521
DLL3,0.542309549
ROPN1,0.541368101
REG1A,0.540979068
CTHRC1,0.540810532
USH1C,0.540295618
SLC5A10,0.540275897
JPH4,0.539838474
EPHA2,0.539758482
PDE7B,0.539627714
KIAA2012,0.539221306
FAXDC2,0.539202825
SLC36A1,0.539081566
SERPINA1,0.538672066
UGT1A3,0.538667773
LPA,0.538533282
MAP1A,0.538487908
ADGRG4,0.537990764
SLC18A3,0.536918739
LRRC71,0.53662549
SERPIND1,0.536572982
CFAP100,0.536241659
NKAPL,0.534781044
APOBR,0.534562461
EDNRB,0.534535559
DTNA,0.534282182
DOK4,0.533976053
FAM107B,0.533758448
BTN1A1,0.533588897
MYH11,0.532893858
ABCA12,0.532702687
CAV2,0.532592225
PRKCB,0.532215344
GJB4,0.531765249
RUNDC3A,0.531439426
MAGEC2,0.530724799
HCAR3,0.529841733
TGFBR3,0.529718318
C6orf118,0.529218157
PDE1C,0.528993488
BAIAP2L2,0.52852144
RGS11,0.528501259
CLCNKB,0.527803382
RTP1,0.527369499
CPLX1,0.526611062
CCNI2,0.526597765
KERA,0.526365226
KNCN,0.525738839
TENM1,0.525412582
BARHL2,0.525227593
RSPH4A,0.524984133
CYSRT1,0.524740659
PGM5,0.524716272
SLC34A3,0.524467692
GATA3,0.524347632
RET,0.524006832
DUOX1,0.52344658
ADAMTSL1,0.522964214
CD52,0.522123069
AJAP1,0.522120885
UBXN10,0.522031762
COL4A6,0.521944428
TUBB4A,0.521905558
GSTM4,0.521843866
MMP11,0.521398898
TBX2,0.521341254
SAMD12,0.521262541
MSLN,0.520834408
CDHR1,0.52065572
AC233992.2,0.520629296
LMOD1,0.520338248
ASIC5,0.520096247
EYA4,0.519955995
FLNC,0.519918978
NRG2,0.519611275
NYNRIN,0.51859903
GAS2L2,0.518251257
SLMAP,0.51813322
COL17A1,0.517922741
MIOX,0.517542979
STOX2,0.517408636
SCGB2B2,0.516200523
XKRX,0.516048162
PGAP2,0.515784393
ADAMTS5,0.515773233
TRPM5,0.515632765
SP5,0.515134183
CEACAM21,0.514704484
CTTNBP2,0.514132461
HCN1,0.514087382
IGFL1,0.513092791
BHMT2,0.512304305
HPGD,0.512282862
PPARGC1A,0.511690851
VCL,0.511661926
OTOG,0.511128427
GPC2,0.511103897
ASB9,0.511072773
ME1,0.511005285
C15orf41,0.510551996
RAB7B,0.510437007
STMND1,0.510229746
FRMD6,0.51020574
ZNF541,0.510147434
CCDC85A,0.509901775
ASTN1,0.509558974
RHBDL3,0.50935968
BEST2,0.509264605
SHOX2,0.508855538
COL10A1,0.508417087
NEUROG3,0.507832069
TLX1,0.507512908
GPR19,0.506789059
GLDN,0.506194006
PHYHIPL,0.506026997
CAMKK2,0.505789738
SULT1C4,0.505573568
OR51T1,0.50536772
DCC,0.505274355
PDZRN4,0.50459803
C7orf57,0.504298273
ULBP1,0.503392294
SLC7A10,0.503365015
BMERB1,0.50318457
MSRB3,0.503028512
WDR97,0.502896448
EML6,0.502100019
TSLP,0.501903586
RBFOX3,0.501238929
NFYB,0.500825009
BAG3,0.500695045
SVIL,0.50028242
ITIH1,0.500086587
RND2,0.500019935
LYPD3,0.499940374
MADCAM1,0.499829312
PCP4L1,0.499394976
ASB3,0.499310968
AGTR1,0.499270515
IGSF1,0.499119497
CCL24,0.49904837
FRMPD3,0.499021336
SSX1,0.498579664
FAM107A,0.4983285
CYP1A2,0.497919288
LRRC2,0.497296966
CLDN18,0.497274302
PLEKHA2,0.496554457
AHNAK2,0.495888407
FERMT2,0.495569798
RAB11FIP2,0.495176848
IL1RN,0.494784823
DNAJB5,0.4942681
KCTD14,0.494260654
TEX30,0.494049265
PHEX,0.49384463
DNAH3,0.493573897
HOXD13,0.493475803
TUBA3C,0.493000879
EPHB1,0.492893883
LGALS4,0.492843104
BNIP5,0.492402049
SERPINA11,0.492387884
TENT5B,0.492232604
HAGHL,0.492064736
PAQR7,0.491146775
PRKG1,0.490737985
CFC1,0.490672179
POU3F2,0.490304383
GKN1,0.490208261
ERICH3,0.489770367
MEI4,0.48957318
SI,0.489131423
PPP2R2B,0.488961276
AQP5,0.488891388
FCGBP,0.488412257
MCHR1,0.487778055
RASL12,0.487358833
TP63,0.487260166
LOXL4,0.487198341
PPBP,0.487171754
PCDHA8,0.486858245
PGAP4,0.486255138
SORBS1,0.485368319
CABS1,0.483835861
DAAM2,0.483176595
PGRMC1,0.483049026
MYOCD,0.482962181
ALDH1A2,0.482679122
GSC,0.481834511
CYP4B1,0.481662808
FLNA,0.480964262
CFAP45,0.480855332
CSRP1,0.480836519
SLC4A10,0.480564723
GCNT3,0.480229067
CHRNB2,0.480141678
COL11A2,0.479710539
CCDC69,0.479585798
COLCA2,0.479530974
PIP5K1B,0.478995521
POR,0.478727086
RALGAPA2,0.478678536
TAF7L,0.478591019
CALHM3,0.478270555
CCDC178,0.478114546
SPON2,0.477941658
GNAL,0.477651196
KCNMA1,0.477346631
SRMS,0.477048584
RAPGEFL1,0.476993628
KCNS1,0.476968142
GABRG2,0.47653046
CDH8,0.476251863
SLC22A9,0.475919812
OASL,0.475907947
PTPRH,0.47568566
HS6ST3,0.475604002
ARMC3,0.475417025
MAMLD1,0.475174394
INSYN2B,0.475126792
PNLIP,0.474557628
ASPN,0.474540812
TMEM213,0.474289981
CLIP3,0.473270357
PLAG1,0.473226198
TMPRSS4,0.473090219
ZNF154,0.473074668
SLC7A5,0.472895351
FOSL1,0.472867168
TBX4,0.47271848
PPP1R12B,0.472702117
TMEM145,0.472106792
TCF7L1,0.472088376
RBMS3,0.472080628
PRDM6,0.471936235
SLC19A3,0.471866779
NCAM1,0.471768417
CA13,0.471718851
IQCA1,0.471654949
P2RX2,0.471642234
TES,0.47132349
CYP2B6,0.471202465
DCX,0.471171945
PRICKLE2,0.471055425
DNAAF1,0.470675679
DUOXA1,0.470302356
SPOCK3,0.470262069
BARX1,0.469855776
CFHR1,0.469240767
FXYD6,0.469205283
TMEM108,0.468918104
TMEM139,0.468899009
PLCL1,0.468544046
SCARA5,0.468360769
ADRB3,0.468188669
S100A14,0.46795727
ACTN3,0.46753775
C1QTNF1,0.467357618
SDR16C5,0.467158446
PKD1L3,0.467065014
CDKL2,0.466898926
SRD5A2,0.466772269
RPE65,0.466768714
PLBD1,0.466561109
MS4A18,0.466184818
GATM,0.465893172
ACTL10,0.465647253
SLC22A31,0.46494484
TFF3,0.464821034
METTL24,0.464712282
RAB40A,0.464670618
EPM2A,0.464665817
FAM135B,0.464581103
RNASE1,0.464331856
TMEM249,0.464075271
HSD17B13,0.463531534
EPGN,0.46322167
AP1S2,0.462952125
GFRA2,0.462944863
TMEM132E,0.462915542
ID4,0.462511341
PIWIL4,0.462432201
EGR4,0.461866261
PCDH7,0.461613654
RHPN1,0.461334053
GRM4,0.461017127
JAZF1,0.460969462
CTU1,0.460747766
PCBP3,0.460622288
MPP2,0.460519042
UGT2B4,0.460500311
HOXD3,0.460171979
ZDHHC11,0.460024828
GPR149,0.459999201
METTL7A,0.459810201
EYA1,0.459700806
IL1RAPL1,0.45967277
CDC42EP4,0.459548484
ZNF804A,0.459506185
GLRA4,0.458915979
CRABP2,0.458516547
TMED6,0.458095632
NETO2,0.457726947
SLC44A5,0.457599973
ADAMTS6,0.457518449
FNDC10,0.457343765
ATP2B4,0.457041337
C20orf194,0.456641517
C4orf48,0.456218176
LRRN1,0.456148623
DYDC2,0.456069799
VGLL3,0.455501517
KRT16,0.455369384
SLC16A8,0.455005579
NEGR1,0.454837487
OR51A7,0.4545859
CAMK2G,0.454322091
B3GNT9,0.454287442
ARHGAP20,0.454015498
DMBT1,0.453210519
FBXO17,0.453204512
AMELY,0.452940708
HCN4,0.452800761
SOX15,0.452457943
TNS1,0.451962175
MTMR8,0.451932104
FAM83B,0.451553918
RGS7,0.451460771
ZNF474,0.451249899
NOL4,0.451183658
C22orf23,0.45112606
CYP4F3,0.450574925
NCALD,0.450320971
INMT-MINDY4,0.450211521
CCDC181,0.450119407
KCNE1B,0.450108657
KCNMB1,0.45002025
ANO6,0.449610788
CYP3A5,0.448711843
CALD1,0.448680755
FEV,0.448394929
DMRT3,0.448205224
TMEM253,0.448194018
CTF1,0.447982694
INSL5,0.447837653
CAPN6,0.447759736
GAS2L1,0.447758298
LRFN1,0.447746425
ACTG2,0.447460834
GATA4,0.447161625
LHFPL4,0.447057127
BIRC7,0.446996146
ABCC11,0.446854096
CLIP4,0.446851854
PAQR5,0.446359057
KANK2,0.445721625
SERPINB12,0.445441886
LAMA1,0.445434178
SYT5,0.444654186
PRAME,0.443871799
OMG,0.443702553
RGS22,0.442864241
B3GALT2,0.442858197
TGM5,0.44264657
PIWIL1,0.442559625
LRRC17,0.442250574
CCDC8,0.441955217
ADGRD1,0.441466564
HIF3A,0.441382102
ATRNL1,0.441303813
SPEF1,0.440959218
KRTAP3-3,0.440658706
CCDC175,0.440609424
LARGE1,0.440495721
TCTE1,0.440279428
LRP1B,0.440173745
SNX7,0.439999584
PRLR,0.439926456
NKAIN3,0.43991654
KATNAL1,0.438942652
HMGCLL1,0.438767765
CAMK4,0.438712182
SEC23A,0.438645389
NLRP8,0.438611319
ILK,0.438590925
ANP32E,0.438461095
SLC25A45,0.438390937
COL9A2,0.437700646
DUSP19,0.437554643
SGCB,0.437455354
SLC6A15,0.43744756
VSTM2L,0.437249029
PXYLP1,0.437182242
KIF18B,0.437007159
ZNF385C,0.436899062
ITGB1BP2,0.436407586
AC020636.2,0.436245716
TMEM225B,0.436158013
DNAAF3,0.436082589
MCC,0.435944832
JPH2,0.435930898
MYH2,0.435542813
ADAM21,0.435266405
MGARP,0.435022081
SLC16A5,0.434955299
LRRC56,0.434890333
MZB1,0.43475611
KCNMB2,0.434466179
GPR87,0.434098834
ASZ1,0.434081228
SLC22A16,0.434011958
DPPA5,0.433836707
ASB2,0.433745616
SEMA3A,0.433617278
NECAB2,0.433608019
ARL4D,0.433347578
RBPMS2,0.433148953
PCDHA13,0.4324096
LPAR1,0.432358111
PENK,0.432334971
SCPEP1,0.432079337
GDAP1L1,0.431916369
NDRG2,0.431752361
TCEAL7,0.431200534
ADAMTS18,0.431163746
PPEF1,0.430973299
USP44,0.430682251
ZIC2,0.430388038
CHRNA4,0.430283478
ARSF,0.429608313
PLAAT1,0.429486126
HOXB3,0.429202006
CT83,0.429183575
TERT,0.429158801
APLP1,0.429031013
TGM3,0.428774991
HBB,0.42869999
GJB5,0.42861641
AJUBA,0.428263733
NUDT8,0.428232572
SFRP5,0.427909697
SLC41A2,0.427809332
AFAP1L2,0.427743172
CLCA4,0.427711079
PLA2G1B,0.427650073
DENND2B,0.427600869
STK26,0.4273039
FHOD3,0.427227065
WNT7A,0.427224996
ERICH6,0.426571851
ACE,0.426508664
LINC00514,0.426195967
LENEP,0.42562519
LGR6,0.425036446
DMD,0.424695247
RCBTB2,0.424354847
CDC42EP3,0.424072536
PGR,0.423990774
CCDC89,0.423553795
KRTAP5-1,0.423467726
AOC1,0.423065319
TEX26,0.422872599
KIT,0.422798944
NCS1,0.42272951
TMEM151A,0.42258568
HSPA1A,0.422474557
CLVS2,0.422252677
MXRA7,0.422144726
TMEM37,0.421844017
RIMS3,0.42170919
ORC6,0.421575605
SEC14L6,0.421567195
CD40,0.421254213
EID3,0.421248512
MEIS2,0.421222629
LY6K,0.420986692
C20orf204,0.420922811
GPRIN1,0.420605176
MAPK8IP2,0.42054887
NEURL1B,0.42033513
AMOT,0.420131066
AQP3,0.420021075
IQGAP3,0.41989579
GLYATL1B,0.419848594
NOX1,0.41952411
DACH2,0.419510399
GHRHR,0.419484192
ACSF2,0.419239676
AICDA,0.418805746
PPP1R3A,0.418720353
SNORC,0.417413092
HES4,0.417408315
RGS7BP,0.417270733
ISYNA1,0.417182573
NHSL2,0.41716633
KLHL17,0.416814369
TRIM6,0.416602306
MRPL41,0.416602282
PNMA2,0.416548855
DPYSL3,0.416522225
ART3,0.416456091
CPA6,0.416429203
ERG,0.416062584
HOXD8,0.415598757
MR1,0.415500208
CFAP73,0.415205423
OXGR1,0.415195232
MYT1,0.415112861
SDR9C7,0.41463415
PCSK6,0.413973119
KCNIP3,0.413684107
PLEKHG3,0.413534481
TLR2,0.413385175
SSTR2,0.413326685
HPCAL4,0.413267669
DSG4,0.413263547
CDH23,0.413166955
P2RY2,0.413135279
ANXA2,0.412911744
FAM166B,0.412852463
CCL18,0.412663956
LIN28A,0.41263612
ZNF516,0.412428712
TBX5,0.412195695
SLC8A1,0.412130163
FCRL4,0.412105117
ROR2,0.412024212
SGPP2,0.411835925
CNN1,0.411527346
PRRG4,0.411273183
ATP11A,0.411035499
RBKS,0.410913512
FAM163A,0.410064808
LRCH2,0.410012387
KRT83,0.409251349
PDE5A,0.409232235
GPR156,0.409195298
GJA1,0.408907241
CYB561A3,0.408531768
MEIS1,0.408303268
ADCYAP1R1,0.40813169
E2F7,0.408077326
HECTD2,0.407960148
SSUH2,0.407941208
CORO1C,0.407726472
MAP3K20,0.407490712
DUOX2,0.407462816
OR7C1,0.407379827
MT3,0.407078264
C16orf74,0.406961637
CFAP74,0.406924504
BEND5,0.40661681
PJA1,0.406490797
PON1,0.406407807
BCO1,0.406368216
SDK1,0.406261058
MYOF,0.406029766
TENM3,0.405590596
HSPA4L,0.405463213
MAMDC2,0.405280258
OR51E2,0.405198132
SLC6A11,0.404889595
UBE2C,0.40483653
ASIC3,0.404761964
ENPP3,0.404663254
EVX2,0.404614261
ANXA6,0.404407897
PIPOX,0.404387872
ABHD12,0.404376399
ONECUT2,0.404181979
LONRF3,0.40408862
RHCG,0.404032867
HABP2,0.403854076
GJB3,0.403392502
SLCO3A1,0.403337133
CAP2,0.403199655
CCDC17,0.403165746
TGFB1I1,0.403075112
SMIM10,0.402968668
PCDHA9,0.402782836
PNPLA1,0.402699236
POU3F1,0.402698496
CLC,0.402419702
TRHDE,0.402362523
TNFSF11,0.402252703
PBLD,0.402225431
GRM8,0.402188636
MICALL1,0.402144916
SOX8,0.402054184
HAND1,0.402051246
CAVIN2,0.401917331
C10orf95,0.401906157
TMEM63C,0.40158812
NAGS,0.401404956
CPNE6,0.401292582
DMRTA2,0.401231747
DIO1,0.40123028
MAST1,0.401208458
KCNU1,0.401009162
SLC14A1,0.400639509
SEMA6D,0.400412597
STK33,0.400054792
FAM81B,0.399891364
OR2H1,0.399769238
ADCY5,0.399509371
PTGIS,0.399427602
RAB38,0.399413258
TMEM40,0.399388349
MAGEL2,0.399252679
GLIS1,0.398902322
CADPS,0.39884683
IER3,0.398793076
CCDC54,0.398749357
DNAJB4,0.398382942
SLC10A1,0.398317854
NAA11,0.397977409
KCNE5,0.397756116
XPO6,0.397433848
ANO5,0.396797577
PRDM11,0.396413944
ZNF488,0.396400396
ATOH7,0.396311
GNA14,0.396160292
SCN5A,0.396147658
GRM1,0.396009827
SPON1,0.395814593
LINGO2,0.395646575
SGK2,0.395511298
FOXI2,0.395257755
RP1,0.395209827
B3GNT8,0.395158061
CSRNP3,0.395094934
RNF180,0.395086837
HOXB2,0.39501996
C3orf70,0.394962927
CERK,0.39480043
MED21,0.394713759
VWA5A,0.394705387
FEZ1,0.39455412
CACNA1D,0.394344831
KRTAP4-3,0.394234939
ARHGAP23,0.394011594
PRTFDC1,0.393814218
RBBP7,0.393032023
PRDM12,0.392937333
PDPN,0.392899731
SMS,0.392800794
LRRC14B,0.392332439
EFEMP1,0.39202162
PRNP,0.391982436
GSTM5,0.391976155
H2AC19,0.39162259
TMEM200B,0.391455391
MGAT5B,0.391111502
TAGLN,0.391105084
SLITRK2,0.390982416
ACTA2,0.390923204
HSPA1B,0.390600525
CENPVL3,0.39050079
ADGRL3,0.390385537
NEUROD2,0.390326715
ULBP2,0.390276318
ARHGEF26,0.390176464
C7orf31,0.390116342
GALR3,0.389104361
GDF15,0.388640967
CORO2B,0.388551056
TRPC1,0.388497054
KLHL5,0.388380951
FAM162B,0.387979802
AKR1C3,0.387868164
NEXN,0.387864355
ST6GALNAC2,0.387846428
SLC24A3,0.387838561
ITPRIPL1,0.387630018
CCDC150,0.387326558
KCNA2,0.387177616
DSCAML1,0.387114821
RNF113B,0.387069388
FAM222A,0.386731372
GPR161,0.386708393
IP6K3,0.386627846
SCGN,0.386608432
AGR3,0.386603839
NPR2,0.386391279
PLEKHG4,0.386086538
NT5E,0.38596405
POPDC2,0.385935531
NELL2,0.385623832
NRK,0.385470106
FREM3,0.385373188
IMPG1,0.385313347
KCNB1,0.385131741
C11orf87,0.385099064
HLF,0.384966008
NYAP1,0.384926896
FGF8,0.384551437
CFAP161,0.383830294
MECOM,0.383755587
IZUMO1,0.383381581
RSPH1,0.383134241
SLC47A1,0.382814182
TMIE,0.382681689
MEGF11,0.382318834
IL1A,0.382276357
ADH1B,0.382206551
COL19A1,0.381667693
WNT2B,0.3815924
LCA5,0.381459096
DISP3,0.381425661
CAVIN1,0.381400319
SMOC1,0.380969701
CBX7,0.380918876
AOC2,0.380722992
KLHL38,0.380713405
CCER2,0.380686182
TRPM4,0.380641618
ATP6V0D2,0.380521746
SLC51B,0.380306973
PLPPR5,0.380167716
GNG7,0.380165328
CDH17,0.380029362
TNR,0.379780841
GYS2,0.379717115
SLC25A12,0.379146556
TMPRSS11D,0.379136811
KIAA1614,0.379108329
EDNRA,0.3789197
TRPC6,0.378855735
INKA2,0.378730026
CALM1,0.378526768
HTR3A,0.37843811
ALDH8A1,0.378400663
STPG4,0.378366486
MCOLN2,0.378313437
GBP6,0.378288202
SIX2,0.378256219
MAK,0.378016736
SMTN,0.378003315
MUCL3,0.377998152
ANK2,0.37778071
VNN1,0.377711389
OPRD1,0.377621966
LPIN1,0.377542021
PCARE,0.377342892
GNMT,0.37733795
ABCC4,0.377296956
ARHGEF25,0.377262565
NACC2,0.376778639
SLC9A1,0.376764924
RARB,0.376700392
LRFN2,0.376645767
MKRN3,0.376446754
HACD1,0.376344315
KCNJ8,0.376144311
SYNC,0.375943863
COL21A1,0.3757736
TINAGL1,0.375698466
SLC6A4,0.375548737
GIPC2,0.375531826
MAT2B,0.375415191
CRYBA2,0.375327375
MROH2B,0.375164505
PCDHA12,0.37490139
KIF12,0.37482056
MYZAP,0.37468145
NHS,0.374553737
CRYZ,0.374548432
DPP6,0.37439923
VWCE,0.374376305
DUSP3,0.374328489
MPZL2,0.374290907
GJC1,0.374037977
VEGFD,0.373945607
HHLA2,0.373816147
DSTN,0.373698124
LCN12,0.373633191
DMBX1,0.373563578
PYCR3,0.373405575
SERPINB10,0.373258809
PORCN,0.373221993
RXFP3,0.372910126
GOLM1,0.372745205
SCN2B,0.372678401
DGLUCY,0.372464281
OGN,0.372251395
HSD17B6,0.372105977
RAP1A,0.371940725
F2,0.371923893
ABCG4,0.37176365
FRMD7,0.371747843
BEND4,0.371735805
AP3S1,0.371665997
DUSP4,0.371566581
ARHGAP10,0.371530735
LPP,0.371523952
HEMGN,0.371238824
SNAI2,0.37102786
ZNF750,0.370540831
PHF21B,0.370377392
C5orf34,0.370044368
NAALADL2,0.369996935
RGN,0.369850196
PLS3,0.36977895
OR10G2,0.369540317
SLC25A22,0.369343418
ENTPD8,0.369324504
NTF3,0.36926979
SYT9,0.369208464
CXCL17,0.369075735
SGCE,0.369022872
RAD51,0.368963902
SCUBE1,0.368894005
CLIC4,0.368629972
APOA1,0.368624787
RSPH14,0.368583416
RBPMS,0.368383088
ZIC5,0.368338432
DYNC1I1,0.36777535
SPINK8,0.367293247
ADRA1B,0.367074254
CYB5R2,0.366947677
DDR2,0.366885402
MYH13,0.366878322
LMO4,0.366818327
MAP1B,0.366734554
PLN,0.366671258
LSM11,0.366326488
SSPN,0.36624974
CACHD1,0.365873937
CNTN1,0.365803496
CSPG5,0.36570196
PCYT1B,0.365653967
ITGB3,0.365513076
GPR37,0.365371476
UPK2,0.365212241
GPM6B,0.365108109
PRDM5,0.365092775
CNTFR,0.365080804
DBNDD2,0.365013242
CDK5R2,0.364600169
TENM2,0.364579088
MBNL2,0.364444411
CDKL1,0.364435635
AC013470.2,0.364382162
OR7A5,0.364228404
CBLN2,0.364163167
HEPH,0.363757715
IRAG1,0.363587916
PINLYP,0.363323422
PEAK1,0.363267714
RMDN2,0.363004949
TCEAL2,0.362854801
SPRN,0.362847422
TRPC3,0.362783271
HS3ST3A1,0.362673598
CRP,0.362479996
MYORG,0.362367506
CAPG,0.362234255
MRAP2,0.361842933
FAM53A,0.361584899
MGAT4C,0.361498299
SLC16A4,0.361408176
VIT,0.361237612
FOXD4,0.361220161
TSPAN2,0.361150441
ANKRD65,0.360918597
TBC1D1,0.360913655
DMPK,0.360842575
MMP20,0.360657687
TEAD1,0.360447308
CCN6,0.360140857
KRT5,0.360132957
SLC3A1,0.359990939
TSPAN3,0.359957535
PZP,0.359876705
CFAP157,0.359871082
SLC16A6,0.359695806
SCGB1D2,0.35961945
PNMA1,0.359325999
NLRP11,0.359143721
CDK5R1,0.359129527
NPIPB13,0.359059041
CBX8,0.358878829
TP53AIP1,0.358857511
NDP,0.358698096
ANTKMT,0.358680483
RERG,0.358524141
PLCD4,0.358467101
COL6A5,0.35773524
EHD2,0.357421346
PM20D1,0.357301495
HOXD12,0.357023398
IL33,0.356990247
GNG11,0.356943142
JAM3,0.356908393
CELSR3,0.356821064
UMOD,0.356775373
LBX2,0.356713652
S100A16,0.356548811
CDH4,0.356522892
CCDC80,0.356426583
BNC2,0.356407813
TMPRSS11F,0.356344521
SP9,0.35600437
ACSL4,0.355895818
FABP5,0.355820629
SPATA18,0.355697303
DRD5,0.355469515
KCTD4,0.355375146
SPATA6,0.355264524
ALDH1B1,0.355079614
NPR3,0.355001253
GNB5,0.354987908
KCND2,0.354952879
APCDD1L,0.354600889
FAT2,0.354528638
TECTB,0.354333858
NSG2,0.354115168
ZNF219,0.353999464
OTX1,0.353923783
POTEI,0.353918494
NLRP4,0.353801407
HRH2,0.353756838
ARHGAP36,0.353703582
NAV2,0.353672195
SOX14,0.353560906
SOX7,0.353458926
KLF8,0.353347379
GRIK4,0.353286479
WNT10A,0.353131072
PPP1R12A,0.353060095
IQSEC3,0.353009243
GPRC5A,0.352889647
BOP1,0.352775935
CRISPLD1,0.352167861
PARVA,0.352085331
B4GALT6,0.352050551
LIPI,0.352039013
PLA2G7,0.35194089
TAL2,0.351907467
ANKRD45,0.351825324
CAPN12,0.351812039
LRRC36,0.351762638
ZNF667,0.35170633
TRIM16,0.351693671
DKK1,0.351681635
EFS,0.351571889
PCSK7,0.351462373
ZEB2,0.35121107
USH1G,0.351200969
RGS20,0.351151746
PHYHIP,0.350706662
ELMOD1,0.350346547
EFEMP2,0.350260214
ZNF728,0.350104023
FNDC9,0.350057291
PEG10,0.349973517
H4C5,0.349852227
AMHR2,0.349841465
ARHGEF9,0.349677662
CTSB,0.349649373
CBLN4,0.349626635
EEF1A2,0.34955353
CTXN3,0.349518275
FBLIM1,0.349479168
CHRD,0.349430109
RNF112,0.349393546
SOSTDC1,0.349336075
PTCHD1,0.349275051
CCDC136,0.349151392
IRAK3,0.349143379
CETP,0.34908632
ITIH5,0.348768172
PILRB,0.34876759
FGF7,0.348710827
KRT7,0.348696262
VSNL1,0.348385871
TRO,0.348360005
TGFB2,0.348282969
PLCD1,0.348245719
CYP11A1,0.348067047
LAMB3,0.347981439
SMIM24,0.347852467
INAVA,0.347649077
ITIH2,0.347492399
FAT4,0.34721473
TAAR1,0.347171661
ITGA9,0.347165149
NEK5,0.347118574
FOXS1,0.347063441
PLIN4,0.346957676
FGF20,0.346887323
TULP2,0.346878719
REC8,0.34673061
TRIM29,0.346692797
STRIP2,0.34665857
PRKCA,0.346552548
ACACB,0.346406512
KLHL13,0.346372845
PPARGC1B,0.346315851
ALAD,0.346105518
ZEB1,0.346077306
CCDC114,0.346007078
CXCR1,0.345755356
HGFAC,0.345682193
EVC2,0.345647341
DPY19L2,0.345312213
DZIP1,0.345206727
KANK4,0.345176421
BST2,0.345103113
SH3GL3,0.344984431
ZBTB7C,0.344823556
AOPEP,0.344625746
CRHBP,0.344578127
MANEAL,0.34443243
MAGEB17,0.344424658
GPRASP1,0.344363931
NMUR1,0.344270768
RFX3,0.344009271
TMEM51,0.343567972
TUBB2A,0.343559901
TMEM184A,0.343440706
FBXO30,0.343298252
ACOT11,0.343292513
TBX1,0.343216732
CD81,0.343044728
FGFR1,0.342939569
S100A2,0.34291687
C19orf18,0.342891403
CHST4,0.342872287
MAP1LC3B,0.34256919
EFHC2,0.342406264
SAC3D1,0.3423669
AVPI1,0.342339708
ELP3,0.342214239
PARM1,0.342167388
STARD8,0.342068297
FAM9B,0.341976682
SYCP2L,0.34190126
ASXL3,0.341749486
SH3PXD2B,0.341721794
NPY4R,0.341598388
ACSS3,0.341539235
PHACTR3,0.341454611
PHLDA1,0.341433883
TRAM2,0.341363201
PRIMA1,0.341265035
TBL1X,0.341225074
MYL5,0.34117555
HACD4,0.341065581
CFAP300,0.340744405
PI16,0.340682524
POU5F1B,0.340292171
ACAN,0.340206531
POLN,0.340157275
ITSN1,0.340033033
AIFM2,0.339838089
ADRA2B,0.339732769
NCCRP1,0.339590449
CRB1,0.339553148
PURG,0.339501309
LINC00672,0.339383131
LHFPL1,0.339376223
STK32C,0.339176045
PLA2G3,0.339054526
KCNS2,0.339012543
SIM2,0.338975791
MMD2,0.33886616
ARMCX1,0.33869553
SMR3A,0.338586281
RGS9,0.338551695
HOGA1,0.338417494
SLC25A48,0.338383363
FBXL22,0.338349659
PARP3,0.338301662
PAH,0.33818581
ADGRB1,0.338144037
PRELID2,0.338117734
BRINP2,0.338052533
BMP5,0.337985465
CCDC180,0.337879244
HPX,0.337736827
SLITRK6,0.337717633
C10orf90,0.337515596
C14orf132,0.337239158
BNIP2,0.337148834
SAPCD1,0.337074433
CD55,0.337052804
OR8G5,0.336733638
PAOX,0.336707836
TCEAL1,0.336535511
PDGFD,0.336521296
KSR1,0.336500874
KIAA1210,0.336420122
CEND1,0.336414031
REPS2,0.336367068
HS3ST1,0.336313862
ITGA2,0.336065743
CLEC2L,0.335943908
KCNQ5,0.335698762
FDCSP,0.335607842
PCDHA5,0.33557079
P2RX1,0.335138386
IQANK1,0.33502201
PDGFC,0.334976568
DNAJC18,0.334873241
PARD6G,0.334656713
SOWAHC,0.334424581
PRR36,0.334180674
F2RL2,0.334171723
ZNF660,0.334070878
DES,0.333970181
CPAMD8,0.333924434
TPRG1,0.333916583
CPED1,0.333611188
AC138969.1,0.333586388
DNAJC15,0.33346712
NOX4,0.333387494
KITLG,0.333248152
TDRD1,0.333051273
MRPL17,0.333021107
GYPE,0.332789191
DSC3,0.332361211
TYRP1,0.332255174
SCGB1A1,0.332168616
ZCCHC24,0.332107866
KIF26B,0.331925528
SEMA5B,0.331861996
RSPO3,0.331850571
KCNAB1,0.331741083
UMODL1,0.33158289
MCMDC2,0.33151672
KRT2,0.331378829
BNIPL,0.331356794
WFDC10B,0.331094877
SORBS2,0.330932488
PCDH10,0.330844297
NRCAM,0.330815871
SLC25A25,0.33070718
TMEM45B,0.330592447
ZFP92,0.330434974
MYH6,0.330367869
ISL2,0.330315794
FHL1,0.33026825
MICAL2,0.330137557
HAS3,0.330125674
HAS2,0.330050135
TRPC4,0.329995304
JAKMIP2,0.329995096
AKAIN1,0.329856307
RND3,0.329776733
SHISAL1,0.329684159
ABCC3,0.329675543
CBX2,0.329663301
COL12A1,0.329423874
MACIR,0.329341076
ADIG,0.329190044
SERPINB1,0.329163188
PRRT3,0.328986301
SLC22A8,0.328953818
PFKFB3,0.328899891
SPEG,0.328786166
PKIB,0.328666132
CELF2,0.328617418
SCHIP1,0.328420276
SOX5,0.328327985
CES1,0.328078641
DIXDC1,0.327942435
FAM13B,0.32786205
KRT23,0.327713353
GLRA2,0.327703636
SLC17A1,0.327632516
PDLIM1,0.327558728
TPPP3,0.327533571
C3orf22,0.32752912
RBM38,0.327244189
ITGB6,0.327161688
ALLC,0.327038559
HPD,0.32703695
SHCBP1,0.326990514
TMEM169,0.326757317
PRDM8,0.326717974
FZD7,0.326638422
SPINK14,0.326583293
DDO,0.326575784
LOXHD1,0.326530271
OPTC,0.326285737
HTR1E,0.326277239
ICA1L,0.326171438
TACC1,0.326109494
DPT,0.326100342
CAMK1G,0.326053262
ARMH4,0.326030013
PEX14,0.325996854
ANKMY2,0.325990773
C5,0.325948395
ANXA8,0.325855656
PIK3R1,0.325730067
WSCD2,0.325714296
KLHL10,0.325486419
RSPO2,0.325483661
UFSP1,0.325381755
FCGR3B,0.325381053
LIPE,0.325376208
EFHD1,0.325376136
CHST3,0.325304754
RPH3A,0.32528754
AL096711.2,0.32527714
ATP2A3,0.32523037
ZFAND2A,0.325180404
FNBP1,0.325137215
ADRA1D,0.325083936
NID1,0.324874804
MYO6,0.324857112
KCNE4,0.324815307
HNF4A,0.324788769
KCNQ4,0.324753516
RAB34,0.324632934
AOC3,0.324611475
KANK1,0.324539729
H2BC4,0.324278583
HSPH1,0.324198084
KIAA0408,0.324176827
GDF9,0.324138479
SMPDL3B,0.32408675
RPGRIP1,0.323979703
CCR10,0.323930313
ANKRD62,0.323912975
UPK1A,0.323911521
RADX,0.323751142
CHRM2,0.323618776
ZFHX4,0.323600169
PMCH,0.323563885
TMEM14C,0.323460877
PSIP1,0.323402844
KLF5,0.323305799
GATA5,0.323296167
NEIL3,0.323145972
YAP1,0.323046929
ZNF524,0.32303838
SNCG,0.322933405
HSD11B1,0.322599679
TFF1,0.322547595
AK5,0.322432575
NTRK1,0.322132073
TLN1,0.321891846
SLC12A1,0.321847348
EOGT,0.321653946
TRABD2A,0.321414241
LRRC26,0.321407037
CCDC74A,0.321337657
GNAI2,0.321228606
PRODH,0.321061575
OAT,0.320964094
FOXF1,0.320888005
DNASE1L2,0.320795989
BICD1,0.320425154
KCNE1,0.320295963
ITPR1,0.320208258
ALDH3A1,0.320060255
TICRR,0.320036131
CSPG4,0.320020179
DBNDD1,0.319843724
LRRC10B,0.319719211
CDK15,0.319672265
AK1,0.319531261
SPARCL1,0.319512741
NPIPB6,0.319406061
FGFR2,0.31935708
GALNT6,0.319265608
TMEM160,0.319201394
RRAS,0.319161545
RBP1,0.319058709
TOR1B,0.319056832
CHN1,0.318947714
FAM117B,0.31890733
CHIT1,0.318905587
MUC17,0.318902753
MAL,0.318719088
GSDMA,0.318689183
BNIP3L,0.318673697
ATAD3C,0.31865152
AIDA,0.318632114
ENTR1,0.318627329
CBR3,0.31854639
TIMP3,0.318269016
CHTF18,0.318084438
TUBA1A,0.318003558
TEKT2,0.317676845
ITGA1,0.317604821
FNIP2,0.317558627
RNF175,0.317520664
ADAM29,0.317517749
SLIT3,0.317493926
FAM111B,0.31724541
TRMT6,0.31724185
AP4S1,0.317065878
RAB12,0.316851247
WIF1,0.316818919
WWTR1,0.316279701
SFRP4,0.316201806
PTGES3L,0.316072863
PGF,0.315847102
TRAF3IP2,0.315761524
EME2,0.31575425
ADGRB3,0.315717303
ITGA5,0.315627389
PPAN,0.315577661
NLGN3,0.315541461
CCL17,0.315457208
ITGA7,0.315351303
KPNA3,0.315326278
SCRG1,0.315316494
B3GALT6,0.315274799
RASGRF2,0.31525877
DNM3,0.315208739
CNN2,0.315001632
TSHZ3,0.314754786
TMEM237,0.314664718
TEX45,0.314519116
SMCO3,0.314493048
INSYN1,0.314447785
SMIM23,0.314368533
LGALS3,0.314211009
SUGCT,0.314151257
ATF5,0.314081268
RNF212,0.313951189
CD200,0.313459484
TUBB6,0.313449086
STRC,0.313401847
NEK1,0.313328421
ZNF846,0.31325649
SLC52A1,0.313221656
DYSF,0.313163358
RNF224,0.3130057
VRTN,0.312945721
ITGB8,0.312863099
RBBP8,0.312862668
IL17C,0.31284345
IMPG2,0.312834033
C2orf50,0.312714154
APBB1,0.312654868
RAB17,0.312635796
ZNF80,0.312550834
FBXO32,0.312439985
VSX1,0.312384982
GRAMD4,0.312321528
KRT222,0.31229277
XKR5,0.312073855
ACTN1,0.312039167
MUC13,0.311855357
H2BU1,0.311752615
CCIN,0.31163879
MUC4,0.311470866
SLC16A7,0.31142065
TRIP6,0.311293922
TEX22,0.311158466
PTBP2,0.310929602
IGSF10,0.310899026
RBP2,0.310787868
P2RY12,0.310761252
PDE4A,0.310702534
SLC9C2,0.31068962
ERMN,0.310635043
TPPP2,0.310543424
PTGER2,0.310405807
FAM124A,0.310358825
PHOX2A,0.310326406
PITX2,0.310304409
S100A6,0.31025091
DENND2C,0.310190893
CENPN,0.310079033
CCK,0.309879971
OR2B6,0.309819259
PRR16,0.309816569
CFAP43,0.309736327
CCNJL,0.309578388
PCDHGB1,0.309425511
C9,0.309332684
KCNH8,0.309280439
EIF4E3,0.309091146
CCDC82,0.308889698
ZNF850,0.30880341
TCEAL6,0.308721748
GNG2,0.308696866
LRRK2,0.308660651
CCDC110,0.308526524
BMPER,0.308407092
SLC19A1,0.308213266
THYN1,0.308076472
SLC26A6,0.30800832
ITM2B,0.307814188
DUSP5,0.307636291
SEPTIN10,0.307594478
OR6F1,0.307203821
PLSCR4,0.307045429
MCAM,0.306948809
SNAPC1,0.306936832
TLCD1,0.306877031
TCN2,0.306854742
SERPINA10,0.306813208
SPATC1,0.306720531
GPLD1,0.306467511
SULF2,0.306213039
LINC00634,0.306145528
TSACC,0.30607151
FAM151A,0.306052503
TRIM36,0.306017244
SYCE1,0.305933217
CXCL11,0.305918607
FUT2,0.305914414
MTNR1A,0.305841245
PLCXD3,0.305816934
NUP210,0.305799408
SACS,0.305739837
ASB5,0.305559724
ADGRF4,0.305364652
HPGDS,0.305338278
MTFR1L,0.30525012
KAT2A,0.304999043
ODF3L2,0.304877364
ALDH2,0.304681314
TLR3,0.304432836
TOR4A,0.304374567
MAP7D3,0.304273697
ENTPD5,0.30399616
STOM,0.303965518
TMPRSS9,0.303951163
THEG,0.303929061
NLRP14,0.303715949
DMKN,0.30371316
MSMO1,0.303698162
HOXA7,0.303510879
OXR1,0.303284738
TAX1BP3,0.303097504
NPTN,0.303093404
OTOGL,0.303043751
MATN4,0.303012499
PPP1R14C,0.303003297
PLA2G2A,0.302966639
SSBP2,0.302884833
SPRY2,0.302626237
SYT6,0.30250989
MFSD3,0.30247966
H3C13,0.302397673
EMILIN3,0.302193638
ADRA2A,0.302105884
DGKB,0.302089893
STARD4,0.301890521
FSCN2,0.301813807
MAB21L1,0.301696738
OSR2,0.30169114
APOE,0.301676504
RPS6KC1,0.301536647
LRRC34,0.301482668
TTLL10,0.301468848
C6,0.301286207
SLC27A4,0.301248638
PHF19,0.301162321
PEX2,0.300982548
ZNF853,0.30096107
ASS1,0.300932789
PCP4,0.300826371
REX1BD,0.300805703
KLHL33,0.300798588
PITX1,0.300759756
PRR29,0.300758207
CPEB1,0.30074557
ARHGDIG,0.300628421
WFIKKN2,0.30044563
ZBTB47,0.30032037
BEND6,0.300314123
COL14A1,0.300188873
RDM1,0.300181693
SDHD,0.300074298
ANKRD1,0.300054369
BEND3,0.300051255
SYT11,0.299951655
MRGPRD,0.299898227
ERVV-1,0.29979592
ATP6V0A4,0.299508613
SMIM5,0.299249613
OR10H1,0.299003912
ZNF385B,0.298933797
YJEFN3,0.298893154
H2AW,0.298718882
SYCE3,0.298614733
INMT,0.298587241
MYH15,0.298482467
FAM155B,0.298395071
DLX5,0.298201054
TWNK,0.298129543
ZC2HC1C,0.29787088
C3orf18,0.297839856
CNDP1,0.297723881
KRT15,0.297715253
TMOD2,0.297520962
KCTD9,0.297511712
PACSIN1,0.297506814
CD300LG,0.297337165
KIFC2,0.297120874
GPR173,0.296978538
ADGRV1,0.296955168
LGALS7B,0.296869116
UPK1B,0.296834561
FSTL5,0.296768493
ENAM,0.296694555
DAB2IP,0.296503413
TTC28,0.296404258
ATP1B1,0.296231958
C12orf60,0.296095204
MESP1,0.296046124
CABP4,0.295850237
LRFN5,0.295667779
NPC1L1,0.295564505
SOX11,0.295454512
HEY2,0.295374227
KRT1,0.295299948
SCN7A,0.295251239
PDLIM7,0.295249929
GPR35,0.294814569
ITGBL1,0.294803366
WFDC1,0.294789028
LIME1,0.294637139
ACER3,0.294359105
TOR1AIP1,0.294290067
UGT2B28,0.294230862
CNRIP1,0.29421782
DPF1,0.294216618
FLRT2,0.294118561
PCDHA4,0.293950769
ANKRD63,0.293883096
LCN6,0.293497595
LRRC73,0.293409458
FBXL7,0.293251041
MICU3,0.293206328
SLC7A11,0.293195297
SH3GLB1,0.293168853
AL360181.3,0.293168316
PGK2,0.292893168
PCDHA3,0.292763401
ADGRA2,0.292748377
SLC12A3,0.292723137
MCCC2,0.292679658
ASPH,0.29258287
CDH18,0.292553534
TMEM89,0.292376369
TTK,0.29236884
DNPH1,0.292232581
NFKBIL1,0.292225066
SAXO1,0.292161664
EGLN3,0.292117019
RAB19,0.292037851
C5orf38,0.292011258
RRP1,0.291933011
ATP12A,0.291872059
NRN1,0.291869027
S1PR5,0.291833812
PRICKLE1,0.291635616
ABCG1,0.291458298
APOBEC3F,0.291431469
SH3RF1,0.291417959
ZNF593,0.291350815
EXOSC4,0.291312934
EIF4EBP2,0.291297102
P3H4,0.291238343
PYCR1,0.29102285
UNC13C,0.290969648
PCDHA2,0.290952234
OLIG3,0.290821632
ADGRF5,0.290757617
CREB3L3,0.290597055
GLI3,0.290542582
RARG,0.290117926
HMGN4,0.290081514
APOBEC3D,0.289891268
EDIL3,0.289872738
PRSS35,0.289844769
CD59,0.289769176
ID1,0.289624205
SCIN,0.289618407
C5orf49,0.289245512
NSF,0.289200625
WBP4,0.289086869
TOGARAM2,0.289071673
SNCA,0.289036808
NPR1,0.289028093
BVES,0.289002349
TMEM117,0.288792224
EPHA7,0.288727669
ANKRD33B,0.288702528
SERPINB13,0.288665819
LAYN,0.288623465
ITGA3,0.288603262
PTPRQ,0.288574762
EPOP,0.288449848
CLDN16,0.288436895
GSTM2,0.288406446
CBLC,0.288232797
TEX55,0.288208978
MYT1L,0.288096182
FREM2,0.287770768
ECRG4,0.287723051
BDH2,0.287650453
PRKAB2,0.28762351
CCDC3,0.287571503
C1QL4,0.287556557
SPTY2D1OS,0.287540815
CPT1B,0.287379239
E2F1,0.287368909
E2F5,0.287343614
DCUN1D4,0.287275273
RDH12,0.287178161
GRK5,0.287167632
DAPK1,0.287154599
NUDT17,0.287003098
KCNIP1,0.286987279
TUBA4A,0.286772734
CA5A,0.286625144
KCNA4,0.286597719
ITGAD,0.286517179
JDP2,0.28643987
RUSC2,0.286152465
HSD3B7,0.285948128
MARVELD1,0.285883679
CIBAR1,0.285881216
PRPH2,0.285847527
AC011530.1,0.285752583
HAAO,0.285737924
P2RY11,0.285675188
HBE1,0.285602873
RHBDD2,0.285595577
FAM71E1,0.285591056
STOML3,0.285356907
EPB41L1,0.285350978
PLXNA4,0.285338177
ULK3,0.285322164
COLEC10,0.285294963
CIDEB,0.285264679
MRPL12,0.285253881
TMEM47,0.285092124
SCAND1,0.284451973
CHI3L1,0.284192703
CMTM5,0.28411837
HR,0.284090725
HYI,0.284037117
CHST11,0.28382932
TTC23,0.283802944
SV2B,0.283767047
ADORA2B,0.283702832
ACTC1,0.283676296
ANKDD1A,0.283671231
GLI2,0.283645527
LIMS2,0.283532776
CLEC4C,0.283527453
PBX1,0.283498436
MPO,0.28347863
IZUMO4,0.283434789
PMP2,0.28340118
OGFRL1,0.283308284
SKAP1,0.283141966
SPOP,0.282887745
PCDHB1,0.28275885
CRTAP,0.282532755
PMP22,0.282398029
ADM2,0.282282065
FABP7,0.282182372
QTRT1,0.282144704
AL136531.2,0.282139847
SAMD14,0.282110374
SCGB2A1,0.281993178
VGLL1,0.281618607
WNT5A,0.281510432
RBMS1,0.28148395
BEAN1,0.281363766
MTTP,0.281339087
NRP2,0.281301507
PNCK,0.28079639
SERPINF1,0.28068971
SEMA7A,0.280683869
LYNX1,0.280657675
NXF3,0.280639541
PLCD3,0.280626493
ANKRD53,0.28060543
LPXN,0.280509966
REEP1,0.280498599
SCUBE3,0.280360735
ABCD2,0.280354109
WDR64,0.280281648
DCDC2B,0.280127768
SPART,0.279947219
MTRNR2L6,0.279889863
MX1,0.279764475
CTNNA2,0.279502089
GAS6,0.279341364
SH3BGRL,0.279202078
EVPLL,0.279056993
EPHA8,0.27904496
FAM229B,0.279003976
CCSER2,0.278896302
MASP1,0.278840214
VAV3,0.278756031
RABEP2,0.278600802
CHP2,0.278566336
RTL4,0.27853059
METTL26,0.27850052
CCNA1,0.278441301
MAGI2,0.278103728
TVP23A,0.277928051
ARFGEF3,0.277877885
DRC7,0.27777508
RHOB,0.277763791
DAB1,0.277691308
CCDC158,0.277677368
SV2C,0.277652587
INPP5F,0.277482459
SFXN3,0.277452264
GMDS,0.277445558
CAVIN4,0.277358042
SRF,0.277254715
DGKG,0.277217132
MMP9,0.277214555
NUDT10,0.277151117
RASSF5,0.276980644
MMP3,0.276980433
RHOQ,0.276976195
EPS8,0.276975896
CDIP1,0.276957592
PROZ,0.27694783
FAM83E,0.276943527
ZNF454,0.276881287
RNF165,0.276356183
TRPV3,0.276354573
MDFIC,0.276340496
NEK7,0.276320093
ACER1,0.276299691
TP53INP1,0.27625288
SKIDA1,0.276127721
ANKRD34A,0.276048117
MLNR,0.276043076
MYL9,0.275967044
RCAN2,0.275921957
TONSL,0.275745224
RTN4RL2,0.27572565
ID3,0.275718599
DSE,0.275665472
LRP4,0.275601958
TGM1,0.275515233
INHA,0.275225264
FOXD1,0.275193075
PLA2G2D,0.275164484
ZNF473,0.275138937
TREX2,0.275014679
PAPPA,0.274855749
MFN2,0.274749503
MBNL1,0.27471375
SLC25A42,0.274682422
SDC1,0.274679112
CTLA4,0.274673974
GPX3,0.27459912
NDNF,0.274535002
PLAC8L1,0.274528753
TMEM158,0.274249835
SLC26A1,0.274219238
HIPK4,0.274176116
CNKSR2,0.274111611
C12orf56,0.274082831
INA,0.274022612
HOXC4,0.274013446
ANXA1,0.273842774
TMC5,0.273712124
MAML2,0.273686883
H4-16,0.273425586
LRRC45,0.273354056
CLIC6,0.273152368
POSTN,0.273135723
RPS6KA4,0.273003092
BCAR3,0.272898941
PCDHGA7,0.272866664
TRIP10,0.272852829
AL049839.2,0.272848318
CHRDL2,0.272540008
PGAP1,0.272458519
GALR1,0.272390582
CDKN1C,0.27217333
NOS2,0.272143972
ENO2,0.271956736
SKIL,0.271923259
ZNF655,0.271725864
STX2,0.271668918
PRR22,0.271663439
FLRT3,0.271651516
CMPK2,0.27156989
IL22RA2,0.271563422
CLEC3A,0.271425125
TTLL6,0.271352601
MGAT4B,0.271138029
PHF12,0.271070366
IDUA,0.270967679
ARHGEF38,0.270946326
COL23A1,0.270516502
NFE2L2,0.270472088
SLC26A7,0.270449172
ILDR2,0.270418881
CEP112,0.270395467
C7,0.270394028
ACTB,0.27022226
RGL1,0.270119617
PITPNM3,0.270007012
MUC2,0.270003245
ZNF577,0.269960812
PRSS2,0.26994792
ADAMTS8,0.269903367
NOG,0.269812695
MKX,0.269644297
HOXA2,0.269597933
PRSS12,0.269523371
RBFOX2,0.269443165
NTN4,0.269363196
CCDC40,0.269337292
FFAR2,0.269121192
GABRB3,0.269114865
A4GALT,0.268935416
SERPINA3,0.268876566
C1QL1,0.268775089
SCRIB,0.268749898
RNF183,0.268746253
NXPE3,0.268706006
FER,0.268505774
WDR1,0.268451797
BOLA2B,0.268380158
CISH,0.268262561
PNLIPRP3,0.268243312
KRT9,0.268205092
NME3,0.26819992
UQCC3,0.268192676
TMEM19,0.268158302
PCDH15,0.268154165
PDK2,0.267982143
LRATD2,0.267818472
TNS4,0.267790464
ATCAY,0.26769757
SERPINB5,0.267563688
MCRIP2,0.267507599
FAM131B,0.26744595
VSTM4,0.267284926
EGF,0.267241574
QSOX2,0.267146399
GPR75,0.267054532
FANCD2OS,0.266818328
BCL2,0.266433004
PLCL2,0.266037054
INPP1,0.266017359
GAD2,0.265962531
PCDH9,0.265894339
DDIT4,0.265856491
TMEM200C,0.265842439
BAIAP3,0.265806698
ZDHHC15,0.265571861
FGFBP1,0.265426935
PLPP7,0.265409943
ABHD12B,0.265327054
CEP68,0.265202094
CD82,0.26507081
FOXRED2,0.264996832
TSC22D3,0.264977478
GAL3ST2,0.264884602
ARHGAP24,0.264859988
CDCA5,0.264772071
LYPD8,0.264680969
PIEZO2,0.264642028
CYP2J2,0.264622878
FAM207A,0.264604105
STAT5B,0.264565885
UNC5A,0.264500785
PC,0.264465287
ESRP2,0.26442545
ZNF98,0.264382449
SAG,0.264353336
EDRF1,0.264326521
SEC16A,0.264291101
CGREF1,0.264256326
TNFRSF18,0.264237141
ITFG2,0.264191118
INSC,0.264098733
PRSS16,0.263991087
ROBO1,0.263935766
SBDS,0.263925179
TMOD1,0.263923643
RTL5,0.263845891
GRIK5,0.263785683
MEP1A,0.263781194
TARBP1,0.263608923
GPX8,0.263560557
RELL2,0.263546238
ARHGEF4,0.263523881
CBSL,0.263160461
PLIN5,0.263130544
BBS4,0.263104999
DNASE2B,0.263094217
SBK1,0.263053237
RNF157,0.263038114
WDR24,0.26295242
RAP2B,0.262855084
PNMA8A,0.262846053
LKAAEAR1,0.26280645
SOCS3,0.262757722
ARMC12,0.26260166
HOXD11,0.262436728
PPM1L,0.262397208
TMEM106A,0.262389613
CIB3,0.262368823
HBEGF,0.262320188
RPL10L,0.262132535
POU6F2,0.262101569
MAPK12,0.262061611
MREG,0.262031253
FZD8,0.261877563
B3GAT1,0.261757897
TGM4,0.261604819
CNTNAP4,0.261523718
NACAD,0.261480759
KLHL42,0.261464774
OAS2,0.261385367
ADAMTS3,0.261300499
CARTPT,0.261241909
ARX,0.261175393
NDUFAF8,0.261151745
LGALS7,0.261040655
LSAMP,0.260933408
TLE2,0.260929881
IL1R2,0.260370165
ADGRG2,0.260355776
CMTM4,0.26032963
CIART,0.260320897
POLR2H,0.260232009
PGA5,0.260197321
MOB3B,0.260025069
FHL2,0.260002468
CDC25A,0.259973786
CCDC88A,0.259854153
LRRC69,0.259820763
IGSF9B,0.25976798
OAS3,0.259754344
BDH1,0.259603425
GPR135,0.259579469
MLC1,0.259414696
PLEKHA1,0.259382682
PLEKHB1,0.259373117
ACTRT3,0.259237766
TRNP1,0.259198309
SCRN1,0.259089195
LYPD6B,0.259071228
FCHSD2,0.259045993
GPX7,0.258968589
SCG5,0.258945528
MTMR11,0.258940815
ELFN2,0.258905119
COL20A1,0.258448424
TUT7,0.258404967
TDRD12,0.258308728
TPSG1,0.258273742
FBXL8,0.258249029
CFAP54,0.25801915
LECT2,0.257945825
TBR1,0.257848098
CYB5R3,0.257845795
PPEF2,0.257808777
PPP1R1C,0.257730424
SYDE1,0.257712799
ELL3,0.257629448
SORCS2,0.257586993
FOXF2,0.257512524
MEF2B,0.257484757
SNAPC4,0.25735843
SOGA3,0.257200561
SULT1A2,0.257084411
NKAIN1,0.256935765
EPB41L3,0.256868434
CRYGN,0.256860039
C4BPB,0.256528157
BTG3,0.256463867
ZNF483,0.256429613
KIF9,0.256428525
CACNA2D3,0.256427966
CEACAM6,0.256353488
ARL10,0.25620447
CST5,0.256183259
CRYGD,0.256173902
QSOX1,0.256023715
ESPL1,0.256018784
NNT,0.255923138
MAG,0.255918118
RNASEH2B,0.255805278
IL6ST,0.255574076
SH2D7,0.255508597
MARCKSL1,0.255495586
LAMA4,0.255460496
TEPP,0.255405835
IRF7,0.255388926
AC098850.3,0.255375186
NCMAP,0.255323417
C19orf47,0.255302874
GSDME,0.255151865
ANKRD13B,0.254842934
LUZP2,0.254799663
ARHGEF28,0.254707168
CHST2,0.25470287
FZD1,0.254666542
LHFPL2,0.25463921
NR3C1,0.254622047
SNRNP70,0.254428103
BBX,0.254269972
PRND,0.254135633
SMARCD3,0.254086151
DSG3,0.253965724
ODF4,0.253961759
DAPP1,0.253959077
SHC2,0.253909403
GSTA2,0.253832066
ROCK2,0.253730899
MEX3A,0.253654814
SORT1,0.253642304
CAPNS2,0.253556571
ANAPC4,0.253529612
IFIT1,0.253325984
SCTR,0.253241821
FOXD3,0.253234841
TMEM132A,0.25311484
ACAA2,0.253108007
CA9,0.252879248
FASN,0.252759782
KCNH2,0.252710904
RSU1,0.252705183
ARVCF,0.252634182
IL1RL2,0.252594552
HIGD1A,0.252534932
RALYL,0.252532178
TEDC2,0.252374068
LBH,0.25226642
FAM228A,0.252231667
SLC5A8,0.252124941
ZFP36L1,0.252007823
ZFP57,0.251765073
H2AJ,0.251742524
SH3BP5,0.251725578
PCDHGB2,0.2516497
KCTD17,0.25162359
GCOM1,0.251612719
CELSR2,0.251576021
TMEM272,0.251542048
IFNE,0.251363034
MYBPHL,0.251354141
SLC27A5,0.251314564
DACT3,0.251288018
PDE2A,0.251190268
TIMP2,0.251136844
S100A5,0.250987622
CDCA8,0.250964059
GALNT18,0.250908222
GJB2,0.250901077
SLC39A4,0.250717214
TNFRSF17,0.250673226
CHGB,0.250658195
PTP4A2,0.250609204
ATP1B2,0.250456182
CBX4,0.250442875
CBS,0.250381971
CSMD1,0.25034104
RFX6,0.250290654
CA11,0.250209959
NKIRAS1,0.250110711